Workbook
Name Slicer_Payment_Status: #N/A

Sheet Pivot Analysis
A3: Row Labels | B3: Count of Booking_ID
A4: RG Greens | B4: 5
A5: RG Heights | B5: 29
A6: RG Residency | B6: 28
A7: Grand Total | B7: 62
A10: Row Labels | B10: Sum of Booking_Amount
A11: Adajan | B11: 169100000
A12: Bopal | B12: 212350000
A13: Vesu | B13: 32650000
A14: Grand Total | B14: 414100000

Sheet Cleaned Data
A1: Booking_ID | B1: Booking_Date | C1: Sales_Executive | D1: Project_Name | E1: Location | F1: Flat_Type | G1: Booking_Amount | H1: Amount_Received | I1: Payment_Status | J1: Possession_Date | K1: Sales_Target | L1: Remarks | M1: Days_Overdue | N1: Project_Manager | O1: Launch_Year | P1: Performance_Rating | R1: Project_Name | S1: Location | T1: Project_Manager | U1: Launch_Year
A2: RG-001 | B2: 45575 | C2: Pooja Desai | D2: RG Residency | E2: Adajan | F2: 2BHK | G2: 5900000 | H2: 0 | I2: Cancelled | J2: 46082 | K2: 8500000 | L2: Builder referral | M2: 0 | N2: Sneha Kapoor | O2: 2021 | P2: N/A | R2: RG Residency | S2: Adajan | T2: Sneha Kapoor | U2: 2021
A3: RG-002 | B3: 45508 | C3: Pooja Desai | D3: RG Residency | E3: Adajan | F3: 2BHK | G3: 4200000 | H3: 4200000 | I3: Confirmed | J3: 45768 | K3: 8500000 | L3: N/A | M3: 0 | N3: Sneha Kapoor | O3: 2021 | P3: Excellent | R3: RG Heights | S3: Bopal | T3: Raj Malhotra | U3: 2022
A4: RG-003 | B4: 45387 | C4: Ravi Patel | D4: RG Heights | E4: Bopal | F4: 1BHK | G4: 3500000 | H4: 900000 | I4: Pending | J4: 46086 | K4: 8000000 | L4: N/A | M4: 724 | N4: Raj Malhotra | O4: 2022 | P4: Below Target | R4: RG Greens | S4: Vesu | T4: Priya Nair | U4: 2023
A5: RG-004 | B5: 45302 | C5: Karan Mehta | D5: RG Residency | E5: Adajan | F5: 2BHK | G5: 5400000 | H5: 5400000 | I5: Confirmed | J5: 46059 | K5: 7000000 | L5: Online inquiry | M5: 0 | N5: Sneha Kapoor | O5: 2021 | P5: Excellent
A6: RG-005 | B6: 45555 | C6: Meena Shah | D6: RG Heights | E6: Bopal | F6: 2BHK | G6: 5150000 | H6: 5150000 | I6: Confirmed | J6: 46319 | K6: 7500000 | L6: N/A | M6: 0 | N6: Raj Malhotra | O6: 2022 | P6: Excellent
A7: RG-006 | B7: 45485 | C7: Pooja Desai | D7: RG Residency | E7: Adajan | F7: 3BHK | G7: 7950000 | H7: 7950000 | I7: Confirmed | J7: 45847 | K7: 8500000 | L7: N/A | M7: 0 | N7: Sneha Kapoor | O7: 2021 | P7: Excellent
A8: RG-007 | B8: 45519 | C8: Amit Verma | D8: RG Residency | E8: Adajan | F8: 2BHK | G8: 4200000 | H8: 4200000 | I8: Confirmed | J8: 46140 | K8: 9000000 | L8: N/A | M8: 0 | N8: Sneha Kapoor | O8: 2021 | P8: Excellent
A9: RG-008 | B9: 45515 | C9: Pooja Desai | D9: RG Heights | E9: Bopal | F9: 2BHK | G9: 4400000 | H9: 1350000 | I9: Pending | J9: 46071 | K9: 8500000 | L9: N/A | M9: 596 | N9: Raj Malhotra | O9: 2022 | P9: Below Target
A10: RG-009 | B10: 45544 | C10: Meena Shah | D10: RG Heights | E10: Bopal | F10: 2BHK | G10: 4900000 | H10: 4900000 | I10: Confirmed | J10: 46219 | K10: 7500000 | L10: NRI buyer | M10: 0 | N10: Raj Malhotra | O10: 2022 | P10: Excellent
A11: RG-010 | B11: 45462 | C11: Meena Shah | D11: RG Residency | E11: Adajan | F11: 3BHK | G11: 8650000 | H11: 8650000 | I11: Confirmed | J11: 45999 | K11: 7500000 | L11: Repeat client | M11: 0 | N11: Sneha Kapoor | O11: 2021 | P11: Excellent
A12: RG-011 | B12: 45529 | C12: Amit Verma | D12: RG Residency | E12: Adajan | F12: 2BHK | G12: 5700000 | H12: 0 | I12: Cancelled | J12: 46020 | K12: 9000000 | L12: Referred by agent | M12: 0 | N12: Sneha Kapoor | O12: 2021 | P12: N/A
A13: RG-012 | B13: 45524 | C13: Amit Verma | D13: RG Greens | E13: Vesu | F13: 2BHK | G13: 5250000 | H13: 1800000 | I13: Pending | J13: 46084 | K13: 9000000 | L13: NRI buyer | M13: 587 | N13: Priya Nair | O13: 2023 | P13: Below Target
A14: RG-013 | B14: 45471 | C14: Pooja Desai | D14: RG Heights | E14: Bopal | F14: 3BHK | G14: 8300000 | H14: 8300000 | I14: Confirmed | J14: 46305 | K14: 8500000 | L14: Referred by agent | M14: 0 | N14: Raj Malhotra | O14: 2022 | P14: Excellent
A15: RG-014 | B15: 45428 | C15: Karan Mehta | D15: RG Greens | E15: Vesu | F15: 1BHK | G15: 3300000 | H15: 3300000 | I15: Confirmed | J15: 46197 | K15: 7000000 | L15: N/A | M15: 0 | N15: Priya Nair | O15: 2023 | P15: Excellent
A16: RG-015 | B16: 45365 | C16: Amit Verma | D16: RG Heights | E16: Bopal | F16: 3BHK | G16: 8950000 | H16: 3300000 | I16: Pending | J16: 45953 | K16: 9000000 | L16: Repeat client | M16: 746 | N16: Raj Malhotra | O16: 2022 | P16: Below Target
... A431: RG-430 | B431: 45424 | C431: Meena Shah | D431: RG Residency | E431: Adajan | F431: 2BHK | G431: 4800000 | H431: 1150000 | I431: Pending | J431: 46299 | K431: 7500000 | L431: N/A | M431: 687 | N431: Sneha Kapoor | O431: 2021 | P431: Below Target

Sheet MIS Summary
A1: Project Name | B1: Total Revenue
A2: RG Residency | B2: =SUMIFS('Cleaned Data'!G:G,'Cleaned Data'!D:D,'MIS Summary'!A2) -> 1179650000
A3: RG Heights | B3: =SUMIFS('Cleaned Data'!G:G,'Cleaned Data'!D:D,'MIS Summary'!A3) -> 1277100000
A4: RG Greens | B4: =SUMIFS('Cleaned Data'!G:G,'Cleaned Data'!D:D,'MIS Summary'!A4) -> 387750000
A6: Payment Status | B6: Count
A7: Confirmed | B7: =COUNTIFS('Cleaned Data'!I:I,'MIS Summary'!A7) -> 211
A8: Pending | B8: =COUNTIFS('Cleaned Data'!I:I,'MIS Summary'!A8) -> 157
A9: Cancelled | B9: =COUNTIFS('Cleaned Data'!I:I,'MIS Summary'!A9) -> 62
A11: Flat Type | B11: Total Revenue
A12: 1BHK | B12: =SUMIFS('Cleaned Data'!G:G,'Cleaned Data'!F:F,'MIS Summary'!A12) -> 175750000
A13: 2BHK | B13: =SUMIFS('Cleaned Data'!G:G,'Cleaned Data'!F:F,'MIS Summary'!A13) -> 883500000
A14: 3BHK | B14: =SUMIFS('Cleaned Data'!G:G,'Cleaned Data'!F:F,'MIS Summary'!A14) -> 931450000
A15: 4BHK | B15: =SUMIFS('Cleaned Data'!G:G,'Cleaned Data'!F:F,'MIS Summary'!A15) -> 853800000
A17: Sales Executive | B17: Total Bookings | C17: Total Revenue | D17: Performance Rating
A18: Ravi Patel | B18: =COUNTIFS('Cleaned Data'!C:C,'MIS Summary'!A18) -> 81 | C18: =SUMIFS('Cleaned Data'!G:G,'Cleaned Data'!C:C,'MIS Summary'!A18) -> 488600000 | D18: =IF(Bookings_by_Sales_Executive[[#This Row],[Total Revenue]]/Bookings_by_Sales_Executive[[#This Row],[Total Bookings]]>1000000,"Execllent",IF(Bookings_by_Sales_Executive[[#This Row],[Total Revenue]]/Bookings_by_Sales_Executive[[#This Row],[Total Bookings]]>=800000,"Good","Below Target")) -> Execllent
A19: Meena Shah | B19: =COUNTIFS('Cleaned Data'!C:C,'MIS Summary'!A19) -> 84 | C19: =SUMIFS('Cleaned Data'!G:G,'Cleaned Data'!C:C,'MIS Summary'!A19) -> 595800000 | D19: =IF(Bookings_by_Sales_Executive[[#This Row],[Total Revenue]]/Bookings_by_Sales_Executive[[#This Row],[Total Bookings]]>1000000,"Execllent",IF(Bookings_by_Sales_Executive[[#This Row],[Total Revenue]]/Bookings_by_Sales_Executive[[#This Row],[Total Bookings]]>=800000,"Good","Below Target")) -> Execllent
A20: Amit Verma | B20: =COUNTIFS('Cleaned Data'!C:C,'MIS Summary'!A20) -> 90 | C20: =SUMIFS('Cleaned Data'!G:G,'Cleaned Data'!C:C,'MIS Summary'!A20) -> 563850000 | D20: =IF(Bookings_by_Sales_Executive[[#This Row],[Total Revenue]]/Bookings_by_Sales_Executive[[#This Row],[Total Bookings]]>1000000,"Execllent",IF(Bookings_by_Sales_Executive[[#This Row],[Total Revenue]]/Bookings_by_Sales_Executive[[#This Row],[Total Bookings]]>=800000,"Good","Below Target")) -> Execllent
A21: Pooja Desai | B21: =COUNTIFS('Cleaned Data'!C:C,'MIS Summary'!A21) -> 106 | C21: =SUMIFS('Cleaned Data'!G:G,'Cleaned Data'!C:C,'MIS Summary'!A21) -> 703600000 | D21: =IF(Bookings_by_Sales_Executive[[#This Row],[Total Revenue]]/Bookings_by_Sales_Executive[[#This Row],[Total Bookings]]>1000000,"Execllent",IF(Bookings_by_Sales_Executive[[#This Row],[Total Revenue]]/Bookings_by_Sales_Executive[[#This Row],[Total Bookings]]>=800000,"Good","Below Target")) -> Execllent
A22: Karan Mehta | B22: =COUNTIFS('Cleaned Data'!C:C,'MIS Summary'!A22) -> 69 | C22: =SUMIFS('Cleaned Data'!G:G,'Cleaned Data'!C:C,'MIS Summary'!A22) -> 492650000 | D22: =IF(Bookings_by_Sales_Executive[[#This Row],[Total Revenue]]/Bookings_by_Sales_Executive[[#This Row],[Total Bookings]]>1000000,"Execllent",IF(Bookings_by_Sales_Executive[[#This Row],[Total Revenue]]/Bookings_by_Sales_Executive[[#This Row],[Total Bookings]]>=800000,"Good","Below Target")) -> Execllent

Sheet Annual_MIS
A1: Sales Executive | B1: Annual Target | C1: Annual Revenue | D1: % Achieved | E1: Status
A2: {=_xlfn.UNIQUE('Cleaned Data'!C2:C431)} -> Pooja Desai | B2: 680000000 | C2: =SUMIFS('Cleaned Data'!G:G,'Cleaned Data'!C:C,A2) -> 703600000 | D2: =C2/B2 -> 1.0347059 | E2: =IF(D2>=1,"Excellent",IF(D2>=0.8,"Good","Below Target")) -> Excellent
A3: Ravi Patel | B3: 550000000 | C3: =SUMIFS('Cleaned Data'!G:G,'Cleaned Data'!C:C,A3) -> 488600000 | D3: =C3/B3 -> 0.88836364 | E3: =IF(D3>=1,"Excellent",IF(D3>=0.8,"Good","Below Target")) -> Good
A4: Karan Mehta | B4: 550000000 | C4: =SUMIFS('Cleaned Data'!G:G,'Cleaned Data'!C:C,A4) -> 492650000 | D4: =C4/B4 -> 0.89572727 | E4: =IF(D4>=1,"Excellent",IF(D4>=0.8,"Good","Below Target")) -> Good
A5: Meena Shah | B5: 650000000 | C5: =SUMIFS('Cleaned Data'!G:G,'Cleaned Data'!C:C,A5) -> 595800000 | D5: =C5/B5 -> 0.91661538 | E5: =IF(D5>=1,"Excellent",IF(D5>=0.8,"Good","Below Target")) -> Good
A6: Amit Verma | B6: 620000000 | C6: =SUMIFS('Cleaned Data'!G:G,'Cleaned Data'!C:C,A6) -> 563850000 | D6: =C6/B6 -> 0.90943548 | E6: =IF(D6>=1,"Excellent",IF(D6>=0.8,"Good","Below Target")) -> Good

Sheet Monthly_MIS
A1: Sales Executive | B1: Monthly Target | C1: Revenue This Month | D1: % Achieved | E1: Status
A2: Pooja Desai | B2: 55000000 | C2: =SUMIFS('Cleaned Data'!G:G,'Cleaned Data'!C:C,A2,'Cleaned Data'!B:B,">="&DATE(2024,12,1),'Cleaned Data'!B:B,"<="&DATE(2024,12,31)) -> 47000000 | D2: =C2/B2 -> 0.85454545 | E2: =IF(D2>=1,"Excellent",IF(D2>=0.8,"Good","Below Target")) -> Good
A3: Ravi Patel | B3: 45000000 | C3: =SUMIFS('Cleaned Data'!G:G,'Cleaned Data'!C:C,A3,'Cleaned Data'!B:B,">="&DATE(2024,12,1),'Cleaned Data'!B:B,"<="&DATE(2024,12,31)) -> 41700000 | D3: =C3/B3 -> 0.92666667 | E3: =IF(D3>=1,"Excellent",IF(D3>=0.8,"Good","Below Target")) -> Good
A4: Karan Mehta | B4: 35000000 | C4: =SUMIFS('Cleaned Data'!G:G,'Cleaned Data'!C:C,A4,'Cleaned Data'!B:B,">="&DATE(2024,12,1),'Cleaned Data'!B:B,"<="&DATE(2024,12,31)) -> 33350000 | D4: =C4/B4 -> 0.95285714 | E4: =IF(D4>=1,"Excellent",IF(D4>=0.8,"Good","Below Target")) -> Good
A5: Meena Shah | B5: 50000000 | C5: =SUMIFS('Cleaned Data'!G:G,'Cleaned Data'!C:C,A5,'Cleaned Data'!B:B,">="&DATE(2024,12,1),'Cleaned Data'!B:B,"<="&DATE(2024,12,31)) -> 91000000 | D5: =C5/B5 -> 1.82 | E5: =IF(D5>=1,"Excellent",IF(D5>=0.8,"Good","Below Target")) -> Excellent
A6: Amit Verma | B6: 30000000 | C6: =SUMIFS('Cleaned Data'!G:G,'Cleaned Data'!C:C,A6,'Cleaned Data'!B:B,">="&DATE(2024,12,1),'Cleaned Data'!B:B,"<="&DATE(2024,12,31)) -> 26450000 | D6: =C6/B6 -> 0.88166667 | E6: =IF(D6>=1,"Excellent",IF(D6>=0.8,"Good","Below Target")) -> Good

Sheet Daily_MIS
A1: Sales Executive | B1: Daily Target | C1: Today's Revenue | D1: % Achieved | E1: Status
A2: Pooja Desai | B2: 55000000 | C2: =SUMIFS('Cleaned Data'!G:G,'Cleaned Data'!C:C,A2,'Cleaned Data'!B:B,TODAY()) -> 0 | D2: =C2/B2 -> 0 | E2: =IF(D2>=1,"Excellent",IF(D2>=0.8,"Good","Below Target")) -> Below Target
A3: Ravi Patel | B3: 45000000 | C3: =SUMIFS('Cleaned Data'!G:G,'Cleaned Data'!C:C,A3,'Cleaned Data'!B:B,TODAY()) -> 0 | D3: =C3/B3 -> 0 | E3: =IF(D3>=1,"Excellent",IF(D3>=0.8,"Good","Below Target")) -> Below Target
A4: Karan Mehta | B4: 35000000 | C4: =SUMIFS('Cleaned Data'!G:G,'Cleaned Data'!C:C,A4,'Cleaned Data'!B:B,TODAY()) -> 0 | D4: =C4/B4 -> 0 | E4: =IF(D4>=1,"Excellent",IF(D4>=0.8,"Good","Below Target")) -> Below Target
A5: Meena Shah | B5: 50000000 | C5: =SUMIFS('Cleaned Data'!G:G,'Cleaned Data'!C:C,A5,'Cleaned Data'!B:B,TODAY()) -> 0 | D5: =C5/B5 -> 0 | E5: =IF(D5>=1,"Excellent",IF(D5>=0.8,"Good","Below Target")) -> Below Target
A6: Amit Verma | B6: 30000000 | C6: =SUMIFS('Cleaned Data'!G:G,'Cleaned Data'!C:C,A6,'Cleaned Data'!B:B,TODAY()) -> 0 | D6: =C6/B6 -> 0 | E6: =IF(D6>=1,"Excellent",IF(D6>=0.8,"Good","Below Target")) -> Below Target

Sheet AutomateCleaning
A1: Booking_ID | B1: Booking_Date | C1: Sales_Executive | D1: Project_Name | E1: Location | F1: Flat_Type | G1: Booking_Amount | H1: Amount_Received | I1: Payment_Status | J1: Possession_Date | K1: Sales_Target | L1: Remarks
A2: RG-001 | B2: 45575 | C2: Pooja Desai | D2: RG Residency | E2: Adajan | F2: 2BHK | G2: 5900000 | H2: 0 | I2: Cancelled | J2: 46082 | K2: 8500000 | L2: Builder referral
A3: RG-002 | B3: 45508 | C3: Pooja Desai | D3: RG Residency | E3: Adajan | F3: 2BHK | G3: 4200000 | H3: 4200000 | I3: Confirmed | J3: 45768 | K3: 8500000 | L3: N\A
A4: RG-003 | B4: 45387 | C4: Ravi Patel | D4: RG Heights | E4: Bopal | F4: 1BHK | G4: 3500000 | H4: 900000 | I4: Pending | J4: 46086 | K4: 8000000 | L4: N\A
A5: RG-004 | B5: 45302 | C5: Karan Mehta | D5: RG Residency | E5: Adajan | F5: 2BHK | G5: 5400000 | H5: 5400000 | I5: Confirmed | J5: 46059 | K5: 7000000 | L5: Online inquiry
A6: RG-005 | B6: 45555 | C6: Meena Shah | D6: RG Heights | E6: Bopal | F6: 2BHK | G6: 5150000 | H6: 5150000 | I6: Confirmed | J6: 46319 | K6: 7500000 | L6: N\A
A7: RG-006 | B7: 45485 | C7: Pooja Desai | D7: RG Residency | E7: Adajan | F7: 3BHK | G7: 7950000 | H7: 7950000 | I7: Confirmed | J7: 45847 | K7: 8500000 | L7: N\A
A8: RG-007 | B8: 45519 | C8: Amit Verma | D8: RG Residency | E8: Adajan | F8: 2BHK | G8: 4200000 | H8: 4200000 | I8: Confirmed | J8: 46140 | K8: 9000000 | L8: N\A
A9: RG-008 | B9: 45515 | C9: Pooja Desai | D9: RG Heights | E9: Bopal | F9: 2BHK | G9: 4400000 | H9: 1350000 | I9: Pending | J9: 46071 | K9: 8500000 | L9: N\A
A10: RG-009 | B10: 45544 | C10: Meena Shah | D10: RG Heights | E10: Bopal | F10: 2BHK | G10: 4900000 | H10: 4900000 | I10: Confirmed | J10: 46219 | K10: 7500000 | L10: NRI buyer
A11: RG-010 | B11: 45462 | C11: Meena Shah | D11: RG Residency | E11: Adajan | F11: 3BHK | G11: 8650000 | H11: 8650000 | I11: Confirmed | J11: 45999 | K11: 7500000 | L11: Repeat client
A12: RG-011 | B12: 45529 | C12: Amit Verma | D12: RG Residency | E12: Adajan | F12: 2BHK | G12: 5700000 | H12: 0 | I12: Cancelled | J12: 46020 | K12: 9000000 | L12: Referred by agent
A13: RG-012 | B13: 45524 | C13: Amit Verma | D13: RG Greens | E13: Vesu | F13: 2BHK | G13: 5250000 | H13: 1800000 | I13: Pending | J13: 46084 | K13: 9000000 | L13: NRI buyer
... A431: RG-430 | B431: 45424 | C431: Meena Shah | D431: RG Residency | E431: Adajan | F431: 2BHK | G431: 4800000 | H431: 1150000 | I431: Pending | J431: 46299 | K431: 7500000 | L431: N\A

Sheet Raw Data
A1: Booking_ID | B1: Booking_Date | C1: Sales_Executive | D1: Project_Name | E1: Location | F1: Flat_Type | G1: Booking_Amount | H1: Amount_Received | I1: Payment_Status | J1: Possession_Date | K1: Sales_Target | L1: Remarks
A2: RG-001 | B2: 45575 | C2: Pooja Desai | D2: RG Residency | E2: Adajan | F2: 2BHK | G2: 5900000 | H2: 0 | I2: Cancelled | J2: 46082 | K2: 8500000 | L2: Builder referral
A3: RG-002 | B3: 45508 | C3: Pooja Desai | D3: RG Residency | E3: Adajan | F3: 2BHK | G3: 4200000 | H3: 4200000 | I3: Confirmed | J3: 45768 | K3: 8500000
A4: RG-003 | B4: 45387 | C4: Ravi Patel | D4: RG Heights | E4: Bopal | F4: 1BHK | G4: 3500000 | H4: 900000 | I4: Pending | J4: 46086 | K4: 8000000
A5: RG-004 | B5: 45302 | C5: Karan Mehta | D5: RG Residency | E5: Adajan | F5: 2BHK | G5: 5400000 | H5: 5400000 | I5: Confirmed | J5: 46059 | K5: 7000000 | L5: Online inquiry
A6: RG-005 | B6: 45555 | C6: Meena Shah | D6: RG Heights | E6: Bopal | F6: 2BHK | G6: 5150000 | H6: 5150000 | I6: Confirmed | J6: 46319 | K6: 7500000
A7: RG-006 | B7: 45485 | C7: Pooja Desai | D7: RG Residency | E7: Adajan | F7: 3BHK | G7: 7950000 | H7: 7950000 | I7: Confirmed | J7: 45847 | K7: 8500000
A8: RG-007 | B8: 45519 | C8: Amit Verma | D8: RG Residency | E8: Adajan | F8: 2BHK | G8: 4200000 | H8: 4200000 | I8: Confirmed | J8: 46140 | K8: 9000000
A9: RG-008 | B9: 45515 | C9: Pooja Desai | D9: RG Heights | E9: Bopal | F9: 2BHK | G9: 4400000 | H9: 1350000 | I9: Pending | J9: 46071 | K9: 8500000
A10: RG-009 | B10: 45544 | C10: Meena Shah | D10: RG Heights | E10: Bopal | F10: 2BHK | G10: 4900000 | H10: 4900000 | I10: Confirmed | J10: 46219 | K10: 7500000 | L10: NRI buyer
A11: RG-010 | B11: 45462 | C11: Meena Shah | D11: RG Residency | E11: Adajan | F11: 3BHK | G11: 8650000 | H11: 8650000 | I11: Confirmed | J11: 45999 | K11: 7500000 | L11: Repeat client
A12: RG-011 | B12: 45529 | C12: Amit Verma | D12: RG Residency | E12: Adajan | F12: 2BHK | G12: 5700000 | H12: 0 | I12: Cancelled | J12: 46020 | K12: 9000000 | L12: Referred by agent
A13: RG-012 | B13: 45524 | C13: Amit Verma | D13: RG Greens | E13: Vesu | F13: 2BHK | G13: 5250000 | H13: 1800000 | I13: Pending | J13: 46084 | K13: 9000000 | L13: NRI buyer
A14: RG-013 | B14: 45471 | C14: Pooja Desai | D14: RG Heights | E14: Bopal | F14: 3BHK | G14: 8300000 | H14: 8300000 | I14: Confirmed | J14: 46305 | K14: 8500000 | L14: Referred by agent
A15: RG-014 | B15: 45428 | C15: Karan Mehta | D15: RG Greens | E15: Vesu | F15: 1BHK | G15: 3300000 | H15: 3300000 | I15: Confirmed | J15: 46197 | K15: 7000000
A16: RG-015 | B16: 45365 | C16: Amit Verma | D16: RG Heights | E16: Bopal | F16: 3BHK | G16: 8950000 | H16: 3300000 | I16: Pending | J16: 45953 | K16: 9000000 | L16: Repeat client
A17: RG-016 | B17: 45574 | C17: Pooja Desai | D17: RG Heights | E17: Bopal | F17: 3BHK | G17: 7700000 | H17: 7700000 | I17: Confirmed | J17: 46268 | K17: 8500000
A18: RG-017 | B18: 45568 | C18: Karan Mehta | D18: RG Heights | E18: Bopal | F18: 4BHK | G18: 10600000 | H18: 2250000 | I18: Pending | J18: 45914 | K18: 7000000 | L18: Walk-in customer
A19: RG-018 | B19: 45313 | C19: Pooja Desai | D19: RG Heights | E19: Bopal | F19: 1BHK | G19: 3250000 | H19: 0 | I19: Cancelled | J19: 45746 | K19: 8500000 | L19: Builder referral
A20: RG-019 | B20: 45522 | C20: Karan Mehta | D20: RG Residency | E20: Adajan | F20: 2BHK | G20: 4600000 | H20: 0 | I20: Cancelled | J20: 45991 | K20: 7000000
A21: RG-020 | B21: 45427 | C21: Pooja Desai | D21: RG Heights | E21: Bopal | F21: 2BHK | G21: 4650000 | H21: 4650000 | I21: Confirmed | J21: 45616 | K21: 8500000
A22: RG-021 | B22: 45596 | C22: RAVI PATEL | D22: RG Residency | E22: Adajan | F22: 3BHK | G22: 8000000 | H22: 8000000 | I22: Confirmed | J22: 46438 | K22: 8000000 | L22: Referred by agent
A23: RG-022 | B23: 45331 | C23: Karan Mehta | D23: RG Residency | E23: Adajan | F23: 2BHK | G23: 4450000 | H23: 1750000 | I23: Pending | J23: 45921 | K23: 7000000 | L23: NRI buyer
A24: RG-023 | B24: 45532 | C24: Pooja Desai | D24: RG Residency | E24: Adajan | F24: 1BHK | G24: 2750000 | H24: 350000 | I24: Pending | J24: 45778 | K24: 8500000
A25: RG-024 | B25: 45378 | C25: Amit Verma | D25: RG Heights | E25: Bopal | F25: 2BHK | G25: 5200000 | H25: 5200000 | I25: Confirmed | J25: 46084 | K25: 9000000 | L25: NRI buyer
A26: RG-025 | B26: 45619 | C26: Ravi Patel | D26: RG Heights | E26: Bopal | F26: 2BHK | G26: 4450000 | H26: 4450000 | I26: Confirmed | J26: 45903 | K26: 8000000
A27: RG-026 | B27: 45550 | C27: Pooja Desai | D27: RG Heights | E27: Bopal | F27: 4BHK | G27: 10500000 | H27: 10500000 | I27: Confirmed | J27: 45829 | K27: 8500000
A28: RG-027 | B28: 45296 | C28: Ravi Patel | D28: RG Residency | E28: Adajan | F28: 3BHK | G28: 6650000 | H28: 6650000 | I28: Confirmed | J28: 46072 | K28: 8000000
A29: RG-028 | B29: 45572 | C29: KARAN MEHTA | D29: RG Heights | E29: Bopal | F29: 4BHK | G29: 12400000 | H29: 0 | I29: Cancelled | J29: 45801 | K29: 7000000 | L29: Referred by agent
A30: RG-029 | B30: 45496 | C30: Meena Shah | D30: RG Greens | E30: Vesu | F30: 3BHK | G30: 6950000 | H30: 6950000 | I30: Confirmed | J30: 45923 | K30: 7500000
A31: RG-030 | B31: 45394 | C31: Ravi Patel | D31: RG Residency | E31: Adajan | F31: 3BHK | G31: 7700000 | H31: 7700000 | I31: Confirmed | J31: 46058 | K31: 8000000 | L31: NRI buyer
A32: RG-031 | B32: 45305 | C32: Karan Mehta | D32: RG Greens | E32: Vesu | F32: 2BHK | G32: 4050000 | H32: 4050000 | I32: Confirmed | J32: 45764 | K32: 7000000 | L32: Builder referral
A33: RG-032 | B33: 45655 | C33: Meena Shah | D33: RG Residency | E33: Adajan | F33: 3BHK | G33: 8200000 | H33: 8200000 | I33: Confirmed | J33: 46065 | K33: 7500000 | L33: NRI buyer
A34: RG-033 | B34: 45479 | C34: RAVI PATEL | D34: RG Residency | E34: Adajan | F34: 2BHK | G34: 5150000 | H34: 5150000 | I34: Confirmed | J34: 45734 | K34: 8000000
A35: RG-034 | B35: 45445 | C35: Meena Shah | D35: RG Heights | E35: Bopal | F35: 3BHK | G35: 8750000 | H35: 8750000 | I35: Confirmed | J35: 46018 | K35: 7500000 | L35: Walk-in customer
A36: RG-035 | B36: 45472 | C36: Ravi Patel | D36: RG Residency | E36: Adajan | F36: 2BHK | G36: 5400000 | H36: 900000 | I36: Pending | J36: 45762 | K36: 8000000 | L36: Repeat client
A37: RG-036 | B37: 45522 | C37: Amit Verma | D37: RG Residency | E37: Adajan | F37: 1BHK | G37: 2800000 | H37: 850000 | I37: Pending | J37: 46319 | K37: 9000000 | L37: Referred by agent
A38: RG-037 | B38: 45502 | C38: Amit Verma | D38: RG Heights | E38: Bopal | F38: 4BHK | G38: 9950000 | H38: 9950000 | I38: Confirmed | J38: 46296 | K38: 9000000 | L38: Builder referral
A39: RG-038 | B39: 45409 | C39: Pooja Desai | D39: RG Residency | E39: Adajan | F39: 1BHK | G39: 2850000 | H39: 2850000 | I39: Confirmed | J39: 45895 | K39: 8500000 | L39: Walk-in customer
A40: RG-039 | B40: 45518 | C40: Pooja Desai | D40: RG Heights | E40: Bopal | F40: 2BHK | G40: 4550000 | H40: 4550000 | I40: Confirmed | J40: 46222 | K40: 8500000 | L40: NRI buyer
A41: RG-040 | B41: 45356 | C41: Karan Mehta | D41: RG Residency | E41: Adajan | F41: 3BHK | G41: 7400000 | H41: 7400000 | I41: Confirmed | J41: 45872 | K41: 7000000 | L41: Walk-in customer
A42: RG-041 | B42: 45509 | C42: Meena Shah | D42: RG Heights | E42: Bopal | F42: 1BHK | G42: 3100000 | H42: 3100000 | I42: Confirmed | J42: 45813 | K42: 7500000
A43: RG-042 | B43: 45331 | C43: Ravi Patel | D43: RG Heights | E43: Bopal | F43: 2BHK | G43: 5200000 | H43: 2000000 | I43: Pending | J43: 45553 | K43: 8000000
A44: RG-043 | B44: 45404 | C44: Meena Shah | D44: RG Residency | E44: Adajan | F44: 4BHK | G44: 9900000 | H44: 9900000 | I44: Confirmed | J44: 45740 | K44: 7500000 | L44: Walk-in customer
A45: RG-044 | B45: 45317 | C45: Karan Mehta | D45: RG Residency | E45: Adajan | F45: 1BHK | G45: 3050000 | H45: 3050000 | I45: Confirmed | J45: 45687 | K45: 7000000 | L45: NRI buyer
A46: RG-045 | B46: 45557 | C46: Pooja Desai | D46: RG Residency | E46: Adajan | F46: 3BHK | G46: 8350000 | H46: 0 | I46: Cancelled | J46: 46240 | K46: 8500000 | L46: NRI buyer
A47: RG-046 | B47: 45460 | C47: Amit Verma | D47: RG Heights | E47: Bopal | F47: 2BHK | G47: 5350000 | H47: 1200000 | I47: Pending | J47: 46189 | K47: 9000000 | L47: Repeat client
A48: RG-047 | B48: 45437 | C48: Ravi Patel | D48: RG Heights | E48: Bopal | F48: 2BHK | G48: 5900000 | H48: 850000 | I48: Pending | J48: 46064 | K48: 8000000 | L48: NRI buyer
A49: RG-048 | B49: 45524 | C49: Amit Verma | D49: RG Heights | E49: Bopal | F49: 2BHK | G49: 5400000 | H49: 5400000 | I49: Confirmed | J49: 46422 | K49: 9000000 | L49: NRI buyer
A50: RG-049 | B50: 45652 | C50: Amit Verma | D50: RG Greens | E50: Vesu | F50: 2BHK | G50: 4750000 | H50: 800000 | I50: Pending | J50: 45968 | K50: 9000000
A51: RG-050 | B51: 45443 | C51: Ravi Patel | D51: RG Residency | E51: Adajan | F51: 2BHK | G51: 4800000 | H51: 4800000 | J51: 45869 | K51: 8000000
A52: RG-051 | B52: 45593 | C52: Karan Mehta | D52: RG Residency | E52: Adajan | F52: 4BHK | G52: 11150000 | H52: 11150000 | I52: Confirmed | J52: 46005 | K52: 7000000 | L52: Repeat client
A53: RG-052 | B53: 45417 | C53: Ravi Patel | D53: RG Residency | E53: Adajan | F53: 3BHK | G53: 7400000 | H53: 7400000 | I53: Confirmed | J53: 45740 | K53: 8000000
A54: RG-053 | B54: 45483 | C54: Pooja Desai | D54: RG Heights | E54: Bopal | F54: 3BHK | G54: 7250000 | H54: 7250000 | I54: Confirmed | J54: 45842 | K54: 8500000 | L54: NRI buyer
A55: RG-054 | B55: 45428 | C55: Ravi Patel | D55: RG Residency | E55: Adajan | F55: 2BHK | G55: 5250000 | H55: 5250000 | I55: Confirmed | J55: 46166 | K55: 8000000 | L55: Builder referral
A56: RG-055 | B56: 45382 | C56: Pooja Desai | D56: RG Heights | E56: Bopal | F56: 4BHK | G56: 12950000 | H56: 0 | I56: Cancelled | J56: 45816 | K56: 8500000 | L56: Builder referral
A57: RG-056 | B57: 45637 | C57: Meena Shah | D57: RG Heights | E57: Bopal | F57: 3BHK | G57: 7450000 | H57: 0 | I57: Cancelled | J57: 45881 | K57: 7500000
A58: RG-057 | B58: 45594 | C58: Meena Shah | D58: RG Heights | E58: Bopal | F58: 3BHK | G58: 8600000 | H58: 8600000 | I58: Confirmed | J58: 46126 | K58: 7500000
A59: RG-058 | B59: 45516 | C59: Pooja Desai | D59: RG Heights | E59: Bopal | F59: 1BHK | G59: 3350000 | H59: 0 | I59: Cancelled | J59: 45813 | K59: 8500000 | L59: Referred by agent
A60: RG-059 | B60: 45555 | C60: Amit Verma | D60: RG Residency | E60: Adajan | F60: 2BHK | G60: 4300000 | H60: 850000 | I60: Pending | J60: 45989 | K60: 9000000 | L60: Referred by agent
A61: RG-060 | B61: 45572 | C61: POOJA DESAI | D61: RG Greens | E61: Vesu | F61: 4BHK | G61: 13500000 | H61: 2400000 | I61: Pending | J61: 46005 | K61: 8500000 | L61: Builder referral
A62: RG-061 | B62: 45588 | C62: Ravi Patel | D62: RG Greens | E62: Vesu | F62: 3BHK | G62: 8050000 | H62: 3100000 | I62: Pending | J62: 45971 | K62: 8000000 | L62: NRI buyer
A63: RG-062 | B63: 45367 | C63: Pooja Desai | D63: RG Heights | E63: Bopal | F63: 2BHK | G63: 5900000 | H63: 5900000 | I63: Confirmed | J63: 45913 | K63: 8500000 | L63: Online inquiry
A64: RG-063 | B64: 45491 | C64: Karan Mehta | D64: RG Residency | E64: Adajan | F64: 4BHK | G64: 12700000 | H64: 1300000 | I64: Pending | J64: 46031 | K64: 7000000 | L64: Builder referral
A65: RG-064 | B65: 45622 | C65: POOJA DESAI | D65: RG Residency | E65: Adajan | F65: 4BHK | G65: 12300000 | H65: 12300000 | I65: Confirmed | J65: 45845 | K65: 8500000
A66: RG-065 | B66: 45586 | C66: Meena Shah | D66: RG Heights | E66: Bopal | F66: 4BHK | G66: 12800000 | H66: 12800000 | I66: Confirmed | J66: 45882 | K66: 7500000 | L66: Online inquiry
A67: RG-066 | B67: 45347 | C67: Meena Shah | D67: RG Heights | E67: Bopal | F67: 2BHK | G67: 4900000 | H67: 4900000 | I67: Confirmed | J67: 45812 | K67: 7500000
A68: RG-067 | B68: 45380 | C68: Amit Verma | D68: RG Residency | E68: Adajan | F68: 2BHK | G68: 4600000 | H68: 1700000 | I68: Pending | J68: 45595 | K68: 9000000 | L68: Online inquiry
A69: RG-068 | B69: 45360 | C69: Pooja Desai | D69: RG Greens | E69: Vesu | F69: 3BHK | G69: 7850000 | H69: 2250000 | I69: Pending | J69: 46056 | K69: 8500000
A70: RG-069 | B70: 45319 | C70: Amit Verma | D70: RG Residency | E70: Adajan | F70: 2BHK | G70: 5750000 | H70: 0 | I70: Cancelled | J70: 46139 | K70: 9000000
A71: RG-070 | B71: 45369 | C71: Amit Verma | D71: RG Heights | E71: Bopal | F71: 1BHK | G71: 2800000 | H71: 1050000 | I71: Pending | J71: 45636 | K71: 9000000 | L71: NRI buyer
A72: RG-071 | B72: 45313 | C72: Amit Verma | D72: RG Greens | E72: Vesu | F72: 2BHK | G72: 5700000 | H72: 1400000 | I72: Pending | J72: 45530 | K72: 9000000 | L72: Online inquiry
A73: RG-072 | B73: 45623 | C73: Amit Verma | D73: RG Heights | E73: Bopal | F73: 1BHK | G73: 2600000 | H73: 2600000 | I73: Confirmed | J73: 46195 | K73: 9000000 | L73: Walk-in customer
A74: RG-073 | B74: 45410 | C74: Karan Mehta | D74: RG Heights | E74: Bopal | F74: 2BHK | G74: 5550000 | H74: 5550000 | I74: Confirmed | J74: 46184 | K74: 7000000 | L74: NRI buyer
A75: RG-074 | B75: 45420 | C75: Ravi Patel | D75: RG Residency | E75: adajan | F75: 1BHK | G75: 2900000 | H75: 0 | I75: Cancelled | J75: 45912 | K75: 8000000 | L75: Online inquiry
A76: RG-075 | B76: 45477 | C76: Pooja Desai | D76: RG Heights | E76: Bopal | F76: 2BHK | G76: 5550000 | H76: 2150000 | I76: Pending | J76: 45933 | K76: 8500000
A77: RG-076 | B77: 45593 | C77: Pooja Desai | D77: RG Residency | E77: Adajan | F77: 3BHK | G77: 6900000 | H77: 6900000 | I77: Confirmed | J77: 46413 | K77: 8500000 | L77: Online inquiry
A78: RG-077 | B78: 45450 | C78: Pooja Desai | D78: RG Heights | E78: Bopal | F78: 3BHK | G78: 7050000 | H78: 7050000 | I78: Confirmed | J78: 45932 | K78: 8500000 | L78: Repeat client
A79: RG-078 | B79: 45459 | C79: Ravi Patel | D79: RG Heights | E79: Bopal | F79: 2BHK | G79: 4250000 | H79: 1100000 | I79: Pending | J79: 45874 | K79: 8000000
A80: RG-079 | B80: 45649 | C80: Meena Shah | D80: RG Residency | E80: Adajan | F80: 4BHK | G80: 12950000 | H80: 12950000 | I80: Confirmed | J80: 46154 | K80: 7500000
A81: RG-080 | B81: 45630 | C81: Meena Shah | D81: RG Residency | E81: Adajan | F81: 4BHK | G81: 11450000 | H81: 11450000 | J81: 46199 | K81: 7500000 | L81: Builder referral
A82: RG-081 | B82: 45565 | C82: Meena Shah | D82: RG Heights | E82: Bopal | F82: 4BHK | G82: 11150000 | H82: 11150000 | I82: Confirmed | J82: 46439 | K82: 7500000
A83: RG-082 | B83: 45314 | C83: Ravi Patel | D83: RG Heights | E83: Bopal | F83: 2BHK | G83: 4800000 | H83: 4800000 | I83: Confirmed | J83: 45677 | K83: 8000000 | L83: Referred by agent
A84: RG-083 | B84: 45457 | C84: Meena Shah | D84: RG Heights | E84: Bopal | F84: 4BHK | G84: 10150000 | H84: 10150000 | I84: Confirmed | J84: 45838 | K84: 7500000
A85: RG-084 | B85: 45557 | C85: Pooja Desai | D85: RG Heights | E85: Bopal | F85: 4BHK | G85: 10500000 | H85: 3250000 | I85: Pending | J85: 46226 | K85: 8500000 | L85: NRI buyer
A86: RG-085 | B86: 45506 | C86: Karan Mehta | D86: RG Residency | E86: Adajan | F86: 2BHK | G86: 5350000 | H86: 5350000 | I86: Confirmed | J86: 46187 | K86: 7000000
A87: RG-086 | B87: 45506 | C87: Meena Shah | D87: RG Residency | E87: Adajan | F87: 3BHK | G87: 8800000 | H87: 8800000 | I87: Confirmed | J87: 46077 | K87: 7500000 | L87: Repeat client
A88: RG-087 | B88: 45416 | C88: Karan Mehta | D88: RG Heights | E88: Bopal | F88: 2BHK | G88: 4300000 | H88: 4300000 | I88: Confirmed | J88: 45904 | K88: 7000000 | L88: Builder referral
A89: RG-088 | B89: 45462 | C89: Amit Verma | D89: RG Residency | E89: Adajan | F89: 2BHK | G89: 5950000 | H89: 5950000 | I89: Confirmed | J89: 45762 | K89: 9000000
A90: RG-089 | B90: 45426 | C90: Pooja Desai | D90: RG Heights | E90: Bopal | F90: 3BHK | G90: 8150000 | H90: 1750000 | I90: Pending | J90: 45722 | K90: 8500000 | L90: Repeat client
A91: RG-090 | B91: 45642 | C91: Pooja Desai | D91: RG Heights | E91: Bopal | F91: 2BHK | G91: 4350000 | H91: 4350000 | I91: Confirmed | J91: 46400 | K91: 8500000 | L91: Referred by agent
A92: RG-091 | B92: 45424 | C92: Meena Shah | D92: RG Heights | E92: Bopal | F92: 3BHK | G92: 7000000 | H92: 7000000 | I92: Confirmed | J92: 45947 | K92: 7500000
A93: RG-092 | B93: 45558 | C93: Pooja Desai | D93: RG Residency | E93: Adajan | F93: 3BHK | G93: 8950000 | H93: 1150000 | I93: Pending | J93: 46260 | K93: 8500000
A94: RG-093 | B94: 45500 | C94: Pooja Desai | D94: RG Residency | E94: Adajan | F94: 4BHK | G94: 11900000 | H94: 11900000 | I94: Confirmed | J94: 45972 | K94: 8500000 | L94: Referred by agent
A95: RG-094 | B95: 45430 | C95: Ravi Patel | D95: RG Greens | E95: Vesu | F95: 2BHK | G95: 5900000 | H95: 1600000 | I95: Pending | J95: 45643 | K95: 8000000 | L95: Walk-in customer
A96: RG-095 | B96: 45419 | C96: Ravi Patel | D96: RG Residency | E96: Adajan | F96: 1BHK | G96: 3200000 | H96: 1100000 | I96: Pending | J96: 45694 | K96: 8000000 | L96: Online inquiry
A97: RG-096 | B97: 45308 | C97: Pooja Desai | D97: RG Residency | E97: Adajan | F97: 2BHK | G97: 5800000 | H97: 5800000 | I97: Confirmed | J97: 45730 | K97: 8500000 | L97: Online inquiry
A98: RG-097 | B98: 45524 | C98: Pooja Desai | D98: RG Residency | E98: Adajan | F98: 4BHK | G98: 10300000 | H98: 0 | I98: Cancelled | J98: 46173 | K98: 8500000 | L98: Repeat client
A99: RG-098 | B99: 45482 | C99: Ravi Patel | D99: RG Heights | E99: Bopal | F99: 4BHK | G99: 10150000 | H99: 10150000 | I99: Confirmed | J99: 45728 | K99: 8000000 | L99: Online inquiry
A100: RG-099 | B100: 45537 | C100: Karan Mehta | D100: RG Heights | E100: Bopal | F100: 3BHK | G100: 8600000 | H100: 8600000 | I100: Confirmed | J100: 46114 | K100: 7000000 | L100: Builder referral
...
